{
    "din_rail_clip.stl": [
        [
            0.0, 
            0.0, 
            0.0
        ], 
        [
            64.0, 
            20.0, 
            9.0
        ]
    ], 
    "corner_tube_connector_bottom.stl": [
        [
            -12.7, 
            -38.1, 
            -12.7
        ], 
        [
            38.1, 
            12.7, 
            38.1
        ]
    ], 
    "corner_tube_connector_top.stl": [
        [
            -13.35, 
            -38.1, 
            -12.7
        ], 
        [
            38.1, 
            12.7, 
            38.1
        ]
    ], 
    "raspberry_pi_mounting_plate.stl": [
        [
            0.0, 
            0.0, 
            0.0
        ], 
        [
            70.0, 
            61.0, 
            9.0
        ]
    ], 
    "arduino_uno_mounting_plate.stl": [
        [
            0.0, 
            0.0, 
            0.0
        ], 
        [
            71.0, 
            64.0, 
            9.0
        ]
    ], 
    "prop.stl": [
        [
            -100.0, 
            -12.7, 
            -28.0
        ], 
        [
            100.0, 
            12.7, 
            27.9152
        ]
    ], 
    "corner_tube_connector_typical.stl": [
        [
            -12.7, 
            -38.1, 
            -12.7
        ], 
        [
            38.1, 
            12.7, 
            38.1
        ]
    ], 
    "small_breadboard_holder.stl": [
        [
            0.0, 
            0.0, 
            0.0
        ], 
        [
            70.0, 
            61.0, 
            14.0
        ]
    ], 
    "armature_union.stl": [
        [
            -6.0, 
            -5.98816, 
            -6.5
        ], 
        [
            6.0, 
            5.98816, 
            19.5
        ]
    ], 
    "helping_hands_mount.stl": [
        [
            -8.5, 
            -18.0, 
            -5.5
        ], 
        [
            52.0, 
            18.0, 
            5.5
        ]
    ], 
    "carry_handle.stl": [
        [
            -100.019, 
            -12.7189, 
            -9.01886
        ], 
        [
            100.019, 
            12.7189, 
            41.0189
        ]
    ], 
    "back_spin_plate.stl": [
        [
            0.0, 
            0.0, 
            0.0
        ], 
        [
            60.0, 
            16.0, 
            8.6
        ]
    ]
}